N,method,HV_mean,IGD_mean,ND_size_mean,HV_ci_low,HV_ci_high,IGD_ci_low,IGD_ci_high,ND_size_ci_low,ND_size_ci_high
884,NSGA2,2.283752017394105,0.012066249,234.4,2.2765762133405216,2.2909278214476885,0.010727309247556563,0.013405188361105089,232.80630252802362,235.9936974719764
884,RANDOM,0.43096549879809726,0.8467621,25.6,0.4213239095058941,0.4406070880903004,0.8404099126771163,0.8531143287703324,23.893897794494077,27.306102205505926
1768,NSGA2,6.318170260890015,0.037536588,255.2,6.282188891010287,6.354151630769742,0.033096080376986026,0.0419770947552886,252.87823261929302,257.521767380707
1768,RANDOM,0.8786211168593662,1.237603,24.4,0.8545102353892108,0.9027319983295216,1.2309815239915556,1.2442243742933565,22.894642090138824,25.905357909861173
2653,NSGA2,12.104637247609723,0.06689636,259.1,11.98301582693646,12.226258668282986,0.059351241069770855,0.07444147221472164,256.30063892347175,261.8993610765283
2653,RANDOM,1.4111775304475562,1.5433968,23.633333333333333,1.3777513219339883,1.4446037389611242,1.5378109194122036,1.54898274170535,22.26670784474707,24.999958821919595
